,train,val,test
小客车上行,52.839302,40.528774,47.258568
小客车下行,53.35962,39.481598,49.467674
非小客车上行,25.52134,26.663443,31.524574
非小客车下行,24.868164,26.62803,32.380444
