{
  "train_loss": [
    70044.52796378969,
    52961.537372891864,
    52178.873527405754,
    51468.76993427579,
    49823.98815724206,
    48754.72552393353,
    48418.65373883928,
    47737.937391493055,
    48193.258479042655,
    47269.48998635913,
    48487.975291418654,
    48209.33303881448,
    47912.7058531746,
    47541.24525669643,
    47243.31037636409,
    47010.76489645337,
    46455.57629588294,
    46113.94800967262,
    46460.03991505456,
    45620.637989831346,
    45931.73718067956,
    45663.71986607143,
    45649.193684895836,
    45575.59840029762,
    44873.20766679067,
    44836.83688306052,
    44808.05825272817,
    44680.755378844246,
    44426.24900793651,
    44555.29858785962
  ],
  "val_loss": [
    23198.368426983172,
    22854.996732271633,
    20511.25304236779,
    20114.156287560098,
    19678.70173527644,
    20204.156963641828,
    19106.487454927883,
    19429.176119290867,
    18719.57538311298,
    18763.640399639422,
    19187.615271935098,
    18635.79345703125,
    19048.45616736779,
    18430.68780048077,
    18276.615497295672,
    18435.17841045673,
    18264.118502103367,
    18044.79649939904,
    17726.97956730769,
    17346.16083233173,
    17658.091646634617,
    17629.95519080529,
    17434.88243689904,
    17238.012920673078,
    17100.485614483172,
    17164.31952373798,
    17145.99767127404,
    16989.7412109375,
    16819.84532752404,
    16991.957744891828
  ],
  "val_mae": [
    81.26553344726562,
    80.96024322509766,
    77.31451416015625,
    77.61133575439453,
    75.03154754638672,
    75.77206420898438,
    74.95792388916016,
    74.4765396118164,
    74.69929504394531,
    74.45172882080078,
    75.75098419189453,
    75.13671875,
    75.32764434814453,
    74.67333221435547,
    74.5479507446289,
    74.32489013671875,
    73.77984619140625,
    74.39965057373047,
    73.4499282836914,
    73.17655944824219,
    73.50646209716797,
    72.56966400146484,
    72.89019012451172,
    73.17953491210938,
    72.57357788085938,
    72.63368225097656,
    72.30240631103516,
    72.71641540527344,
    72.20372009277344,
    72.42303466796875
  ]
}