特征名称,MAE,RMSE,MAPE,sMAPE,样本数
小客车上行 (Passenger Car Up),108.21239914782485,221.78492845557278,61.41300681340295,46.058552378216824,1774432
小客车下行 (Passenger Car Down),108.2731063916559,216.88826571559844,63.32344633024521,47.71233895755308,1774400
非小客车上行 (Non-Passenger Car Up),39.653128453404825,61.248778512901914,45.32604341632018,37.197248143986236,887216
非小客车下行 (Non-Passenger Car Down),45.3913192414743,68.90759538770449,51.93012970905054,41.95309010380765,887200
全局平均 (Global Average),75.38248830858997,142.20739201794441,55.49815656725472,43.23030739589095,5323248
